entity_id,document_number,vendor_name,amount,currency,due_date,approval_date,scheduled_payment_date,hold_status,is_discretionary,category
1,BILL-01-00001,Facilities Management,16576.23,EUR,2026-02-05T13:09:45.881958,2025-12-12T13:09:45.881958,2026-02-12T13:09:45.881958,0,0,Software
1,BILL-01-00002,IT Support Services,20054.6,GBP,2025-12-09T13:09:45.881958,2025-11-29T13:09:45.881958,2025-12-11T13:09:45.881958,0,0,IT
1,BILL-01-00003,Marketing Agency Ltd,21705.13,DKK,2025-10-28T13:09:45.881958,,,0,0,Legal
1,BILL-01-00004,Legal Services Group,7814.39,EUR,2026-01-27T13:09:45.881958,2025-12-01T13:09:45.881958,2026-01-29T13:09:45.881958,0,0,Legal
1,BILL-01-00005,Cloud Infrastructure Inc,9502.69,DKK,2025-12-19T13:09:45.881958,2025-10-24T13:09:45.881958,2025-12-25T13:09:45.881958,0,0,Marketing
1,BILL-01-00006,Cloud Infrastructure Inc,10852.14,DKK,2025-11-30T13:09:45.881958,2025-11-04T13:09:45.881958,,1,0,Marketing
1,BILL-01-00007,Marketing Agency Ltd,17312.8,NOK,2025-12-16T13:09:45.881958,2025-10-22T13:09:45.881958,,1,0,Office
1,BILL-01-00008,Software Licenses Co,4140.86,GBP,2025-11-30T13:09:45.881958,2025-10-21T13:09:45.881958,2025-12-04T13:09:45.881958,0,0,Facilities
1,BILL-01-00009,Cloud Infrastructure Inc,13078.66,EUR,2026-01-08T13:09:45.881958,2025-11-13T13:09:45.881958,2026-01-15T13:09:45.881958,0,0,Legal
1,BILL-01-00010,Facilities Management,14846.41,GBP,2025-12-11T13:09:45.881958,2025-11-30T13:09:45.881958,2025-12-18T13:09:45.881958,0,1,Marketing
1,BILL-01-00011,Office Supplies Pro,10698.16,EUR,2026-01-06T13:09:45.881958,2025-11-26T13:09:45.881958,2026-01-08T13:09:45.881958,0,0,Software
1,BILL-01-00012,IT Support Services,24184.63,GBP,2026-01-01T13:09:45.881958,2025-12-03T13:09:45.881958,2026-01-08T13:09:45.881958,0,0,Software
1,BILL-01-00013,Cloud Infrastructure Inc,13592.21,CHF,2025-12-07T13:09:45.881958,2025-10-10T13:09:45.881958,2025-12-11T13:09:45.881958,0,0,Marketing
1,BILL-01-00014,Utilities Corp,12424.7,NOK,2025-12-31T13:09:45.881958,2025-11-20T13:09:45.881958,2026-01-01T13:09:45.881958,0,1,IT
1,BILL-01-00015,Office Supplies Pro,3241.86,USD,2025-11-08T13:09:45.881958,,,0,0,Travel
1,BILL-01-00016,Marketing Agency Ltd,21131.2,CHF,2025-12-31T13:09:45.881958,2025-12-05T13:09:45.881958,2026-01-01T13:09:45.881958,0,0,Office
1,BILL-01-00017,Legal Services Group,18600.14,USD,2026-01-04T13:09:45.881958,2025-11-09T13:09:45.881958,2026-01-08T13:09:45.881958,0,0,Facilities
1,BILL-01-00018,Consulting Partners,8679.33,EUR,2025-12-13T13:09:45.881958,,,0,0,Facilities
1,BILL-01-00019,Travel Services,1406.92,GBP,2026-01-01T13:09:45.881958,2025-11-07T13:09:45.881958,2026-01-08T13:09:45.881958,0,0,Software
1,BILL-01-00020,Software Licenses Co,18000.11,USD,2025-11-25T13:09:45.881958,2025-11-13T13:09:45.881958,2025-11-27T13:09:45.881958,0,0,Travel
1,BILL-01-00021,Consulting Partners,3365.05,CHF,2025-12-31T13:09:45.881958,2025-11-20T13:09:45.881958,,1,0,IT
1,BILL-01-00022,Software Licenses Co,11233.71,GBP,2025-12-09T13:09:45.881958,2025-11-12T13:09:45.881958,2025-12-11T13:09:45.881958,0,0,Travel
1,BILL-01-00023,Software Licenses Co,22137.75,USD,2026-01-22T13:09:45.881958,,,0,0,Travel
1,BILL-01-00024,Facilities Management,12071.96,DKK,2025-12-31T13:09:45.881958,2025-12-04T13:09:45.881958,2026-01-01T13:09:45.881958,0,1,Marketing
1,BILL-01-00025,Legal Services Group,5387.36,USD,2026-01-14T13:09:45.881958,2025-11-19T13:09:45.881958,2026-01-15T13:09:45.881958,0,0,IT
1,BILL-01-00026,Marketing Agency Ltd,1652.71,SEK,2025-11-23T13:09:45.881958,,,0,1,Software
1,BILL-01-00027,Travel Services,20266.98,EUR,2025-12-28T13:09:45.881958,2025-10-31T13:09:45.881958,2026-01-01T13:09:45.881958,0,0,Legal
1,BILL-01-00028,Facilities Management,9203.4,DKK,2025-11-24T13:09:45.881958,,,0,0,Facilities
1,BILL-01-00029,Cloud Infrastructure Inc,1735.34,NOK,2026-02-05T13:09:45.881958,2025-12-08T13:09:45.881958,2026-02-12T13:09:45.881958,0,0,Facilities
1,BILL-01-00030,Cloud Infrastructure Inc,14280.59,DKK,2025-11-24T13:09:45.881958,2025-11-10T13:09:45.881958,2025-11-27T13:09:45.881958,0,0,IT
1,BILL-01-00031,IT Support Services,11317.19,NOK,2026-01-08T13:09:45.881958,2025-11-10T13:09:45.881958,2026-01-15T13:09:45.881958,0,0,Software
1,BILL-01-00032,Legal Services Group,21290.58,EUR,2026-01-04T13:09:45.881958,2025-11-06T13:09:45.881958,2026-01-08T13:09:45.881958,0,0,Legal
1,BILL-01-00033,IT Support Services,4695.91,SEK,2025-12-09T13:09:45.881958,2025-10-29T13:09:45.881958,2025-12-11T13:09:45.881958,0,0,IT
1,BILL-01-00034,Travel Services,19786.79,CHF,2025-12-15T13:09:45.881958,2025-10-20T13:09:45.881958,2025-12-18T13:09:45.881958,0,0,Facilities
1,BILL-01-00035,Facilities Management,11343.18,EUR,2025-12-11T13:09:45.881958,2025-12-01T13:09:45.881958,2025-12-18T13:09:45.881958,0,1,Legal
1,BILL-01-00036,Consulting Partners,4525.95,DKK,2025-12-10T13:09:45.881958,2025-10-13T13:09:45.881958,2025-12-11T13:09:45.881958,0,1,Travel
1,BILL-01-00037,Travel Services,10772.98,GBP,2026-01-17T13:09:45.881958,2025-12-06T13:09:45.881958,2026-01-22T13:09:45.881958,0,1,Legal
1,BILL-01-00038,Travel Services,23051.04,SEK,2026-01-20T13:09:45.881958,2025-11-23T13:09:45.881958,2026-01-22T13:09:45.881958,0,0,Facilities
1,BILL-01-00039,Software Licenses Co,8958.64,NOK,2026-01-27T13:09:45.881958,2025-12-01T13:09:45.881958,,1,0,Marketing
1,BILL-01-00040,Legal Services Group,24802.14,SEK,2025-11-25T13:09:45.881958,2025-10-31T13:09:45.881958,2025-11-27T13:09:45.881958,0,0,Travel
1,BILL-01-00041,Legal Services Group,1183.34,EUR,2026-01-11T13:09:45.881958,2025-11-30T13:09:45.881958,2026-01-15T13:09:45.881958,0,0,Office
1,BILL-01-00042,Office Supplies Pro,9637.98,DKK,2026-01-01T13:09:45.881958,2025-11-18T13:09:45.881958,2026-01-08T13:09:45.881958,0,0,Office
1,BILL-01-00043,Software Licenses Co,24582.29,GBP,2025-12-28T13:09:45.881958,2025-12-01T13:09:45.881958,2026-01-01T13:09:45.881958,0,0,Facilities
1,BILL-01-00044,Legal Services Group,9752.81,NOK,2025-12-24T13:09:45.881958,2025-11-29T13:09:45.881958,2025-12-25T13:09:45.881958,0,0,Legal
1,BILL-01-00045,Software Licenses Co,4090.55,EUR,2026-01-03T13:09:45.881958,2025-11-05T13:09:45.881958,2026-01-08T13:09:45.881958,0,1,IT
1,BILL-01-00046,Software Licenses Co,9547.71,EUR,2026-01-09T13:09:45.881958,2025-11-15T13:09:45.881958,2026-01-15T13:09:45.881958,0,0,Facilities
1,BILL-01-00047,Software Licenses Co,10873.84,NOK,2026-01-04T13:09:45.881958,2025-11-09T13:09:45.881958,2026-01-08T13:09:45.881958,0,1,IT
1,BILL-01-00048,Software Licenses Co,11713.96,NOK,2025-12-07T13:09:45.881958,2025-11-26T13:09:45.881958,2025-12-11T13:09:45.881958,0,0,Facilities
1,BILL-01-00049,Facilities Management,15239.21,EUR,2025-11-18T13:09:45.881958,2025-11-08T13:09:45.881958,2025-11-20T13:09:45.881958,0,0,Office
1,BILL-01-00050,Facilities Management,24779.99,GBP,2025-12-11T13:09:45.881958,2025-10-29T13:09:45.881958,2025-12-18T13:09:45.881958,0,0,Office
1,BILL-01-00051,IT Support Services,5781.75,GBP,2026-01-28T13:09:45.881958,2025-12-04T13:09:45.881958,2026-01-29T13:09:45.881958,0,0,Marketing
1,BILL-01-00052,Software Licenses Co,8087.7,SEK,2025-12-20T13:09:45.881958,2025-11-09T13:09:45.881958,2025-12-25T13:09:45.881958,0,0,IT
1,BILL-01-00053,Legal Services Group,16093.28,SEK,2026-01-24T13:09:45.881958,2025-11-27T13:09:45.881958,2026-01-29T13:09:45.881958,0,0,Software
1,BILL-01-00054,Utilities Corp,15777.94,NOK,2025-12-01T13:09:45.881958,,,0,1,Travel
1,BILL-01-00055,Software Licenses Co,7295.69,NOK,2025-11-12T13:09:45.881958,2025-10-18T13:09:45.881958,2025-11-13T13:09:45.881958,0,0,Legal
1,BILL-01-00056,Travel Services,3532.65,NOK,2025-11-27T13:09:45.881958,2025-11-17T13:09:45.881958,2025-12-04T13:09:45.881958,0,0,Facilities
1,BILL-01-00057,Travel Services,18888.69,USD,2025-11-24T13:09:45.881958,2025-11-14T13:09:45.881958,2025-11-27T13:09:45.881958,0,1,Software
1,BILL-01-00058,Marketing Agency Ltd,20827.42,USD,2026-01-29T13:09:45.881958,2025-12-05T13:09:45.881958,2026-02-05T13:09:45.881958,0,0,Office
1,BILL-01-00059,Software Licenses Co,23379.3,DKK,2025-12-28T13:09:45.881958,2025-10-30T13:09:45.881958,2026-01-01T13:09:45.881958,0,0,Legal
1,BILL-01-00060,Cloud Infrastructure Inc,24504.76,EUR,2025-12-11T13:09:45.881958,2025-11-13T13:09:45.881958,2025-12-18T13:09:45.881958,0,1,Legal
1,BILL-01-00061,Consulting Partners,4645.18,NOK,2025-12-31T13:09:45.881958,2025-11-17T13:09:45.881958,2026-01-01T13:09:45.881958,0,1,IT
1,BILL-01-00062,Consulting Partners,6819.39,GBP,2025-12-22T13:09:45.881958,2025-12-09T13:09:45.881958,2025-12-25T13:09:45.881958,0,0,Marketing
1,BILL-01-00063,Travel Services,12858.32,DKK,2025-12-22T13:09:45.881958,2025-12-10T13:09:45.881958,2025-12-25T13:09:45.881958,0,0,Marketing
1,BILL-01-00064,Office Supplies Pro,16021.76,CHF,2025-12-20T13:09:45.881958,2025-12-10T13:09:45.881958,2025-12-25T13:09:45.881958,0,0,Facilities
1,BILL-01-00065,Legal Services Group,14422.02,GBP,2025-11-20T13:09:45.881958,2025-11-10T13:09:45.881958,2025-11-27T13:09:45.881958,0,0,Legal
1,BILL-01-00066,Travel Services,19659.58,USD,2026-01-10T13:09:45.881958,,,0,1,Software
1,BILL-01-00067,Software Licenses Co,15707.88,DKK,2025-12-18T13:09:45.881958,2025-11-22T13:09:45.881958,2025-12-25T13:09:45.881958,0,0,Travel
1,BILL-01-00068,Consulting Partners,21139.75,GBP,2025-12-05T13:09:45.881958,2025-10-26T13:09:45.881958,2025-12-11T13:09:45.881958,0,0,Marketing
1,BILL-01-00069,Cloud Infrastructure Inc,3921.43,DKK,2025-12-27T13:09:45.881958,,,0,0,Software
1,BILL-01-00070,Facilities Management,23662.51,NOK,2026-01-01T13:09:45.881958,,,0,0,Travel
1,BILL-01-00071,Facilities Management,5660.29,GBP,2025-12-30T13:09:45.881958,2025-11-17T13:09:45.881958,2026-01-01T13:09:45.881958,0,1,Marketing
1,BILL-01-00072,Office Supplies Pro,16981.31,EUR,2026-01-02T13:09:45.881958,2025-11-08T13:09:45.881958,,1,0,Travel
1,BILL-01-00073,Cloud Infrastructure Inc,1258.21,SEK,2026-01-29T13:09:45.881958,2025-12-03T13:09:45.881958,2026-02-05T13:09:45.881958,0,0,Facilities
1,BILL-01-00074,Facilities Management,4841.07,CHF,2025-12-11T13:09:45.881958,2025-11-29T13:09:45.881958,2025-12-18T13:09:45.881958,0,0,IT
1,BILL-01-00075,Office Supplies Pro,7387.79,DKK,2026-01-19T13:09:45.881958,2025-12-10T13:09:45.881958,2026-01-22T13:09:45.881958,0,0,IT
1,BILL-01-00076,Marketing Agency Ltd,24198.76,CHF,2025-11-24T13:09:45.881958,2025-10-15T13:09:45.881958,2025-11-27T13:09:45.881958,0,1,Software
1,BILL-01-00077,Consulting Partners,21812.95,EUR,2026-01-12T13:09:45.881958,2025-11-15T13:09:45.881958,2026-01-15T13:09:45.881958,0,0,Travel
1,BILL-01-00078,Utilities Corp,4800.46,SEK,2025-12-14T13:09:45.881958,2025-11-16T13:09:45.881958,2025-12-18T13:09:45.881958,0,0,IT
1,BILL-01-00079,Travel Services,19665.19,NOK,2025-11-04T13:09:45.881958,,,0,0,Legal
1,BILL-01-00080,Travel Services,547.9,CHF,2025-11-19T13:09:45.881958,,,0,0,Marketing
1,BILL-01-00081,IT Support Services,17164.25,EUR,2026-01-05T13:09:45.881958,2025-11-07T13:09:45.881958,2026-01-08T13:09:45.881958,0,0,Legal
1,BILL-01-00082,Consulting Partners,11497.11,SEK,2025-12-07T13:09:45.881958,2025-10-09T13:09:45.881958,2025-12-11T13:09:45.881958,0,0,Travel
1,BILL-01-00083,Marketing Agency Ltd,10883.6,NOK,2025-11-11T13:09:45.881958,2025-10-15T13:09:45.881958,2025-11-13T13:09:45.881958,0,0,Office
1,BILL-01-00084,Office Supplies Pro,11082.75,CHF,2025-11-23T13:09:45.881958,2025-10-11T13:09:45.881958,2025-11-27T13:09:45.881958,0,0,Legal
1,BILL-01-00085,Office Supplies Pro,8672.92,DKK,2025-12-27T13:09:45.881958,,,0,0,Software
1,BILL-01-00086,Cloud Infrastructure Inc,11438.18,NOK,2025-10-30T13:09:45.881958,,,0,0,Software
1,BILL-01-00087,Cloud Infrastructure Inc,3624.63,DKK,2026-02-03T13:09:45.881958,2025-12-10T13:09:45.881958,2026-02-05T13:09:45.881958,0,1,Travel
1,BILL-01-00088,Office Supplies Pro,1778.98,SEK,2026-01-30T13:09:45.881958,2025-12-06T13:09:45.881958,2026-02-05T13:09:45.881958,0,0,Facilities
1,BILL-01-00089,Utilities Corp,11608.58,EUR,2026-01-05T13:09:45.881958,,,0,0,Travel
1,BILL-01-00090,Office Supplies Pro,13171.72,CHF,2025-12-14T13:09:45.881958,2025-11-15T13:09:45.881958,2025-12-18T13:09:45.881958,0,1,Software
1,BILL-01-00091,Marketing Agency Ltd,3586.55,SEK,2025-12-24T13:09:45.881958,2025-11-13T13:09:45.881958,2025-12-25T13:09:45.881958,0,0,IT
1,BILL-01-00092,Legal Services Group,1579.73,DKK,2025-11-30T13:09:45.881958,2025-10-21T13:09:45.881958,2025-12-04T13:09:45.881958,0,0,Legal
1,BILL-01-00093,Utilities Corp,19499.64,SEK,2025-12-16T13:09:45.881958,2025-10-20T13:09:45.881958,2025-12-18T13:09:45.881958,0,0,Facilities
1,BILL-01-00094,Utilities Corp,17118.36,NOK,2025-11-10T13:09:45.881958,2025-10-16T13:09:45.881958,2025-11-13T13:09:45.881958,0,0,IT
1,BILL-01-00095,Marketing Agency Ltd,22758.26,NOK,2025-12-12T13:09:45.881958,2025-12-01T13:09:45.881958,2025-12-18T13:09:45.881958,0,0,Facilities
1,BILL-01-00096,Facilities Management,14671.06,DKK,2025-12-13T13:09:45.881958,2025-10-31T13:09:45.881958,2025-12-18T13:09:45.881958,0,0,Office
1,BILL-01-00097,Software Licenses Co,23038.86,USD,2025-12-17T13:09:45.881958,2025-11-21T13:09:45.881958,2025-12-18T13:09:45.881958,0,0,Travel
1,BILL-01-00098,Facilities Management,18631.99,DKK,2025-12-20T13:09:45.881958,2025-10-22T13:09:45.881958,2025-12-25T13:09:45.881958,0,1,Office
1,BILL-01-00099,Travel Services,3988.85,EUR,2025-12-05T13:09:45.881958,2025-11-08T13:09:45.881958,,1,1,IT
1,BILL-01-00100,IT Support Services,5864.15,USD,2025-11-23T13:09:45.881958,2025-10-29T13:09:45.881958,2025-11-27T13:09:45.881958,0,1,IT
1,BILL-01-00101,IT Support Services,1014.35,EUR,2025-12-20T13:09:45.881958,2025-11-21T13:09:45.881958,2025-12-25T13:09:45.881958,0,0,Marketing
1,BILL-01-00102,Marketing Agency Ltd,20332.45,GBP,2025-12-19T13:09:45.881958,,,0,0,Marketing
1,BILL-01-00103,Cloud Infrastructure Inc,4038.59,EUR,2026-01-05T13:09:45.881958,2025-12-08T13:09:45.881958,2026-01-08T13:09:45.881958,0,0,Legal
1,BILL-01-00104,Utilities Corp,24436.05,CHF,2025-11-07T13:09:45.881958,2025-10-28T13:09:45.881958,2025-11-13T13:09:45.881958,0,0,Software
1,BILL-01-00105,Legal Services Group,6555.71,GBP,2026-01-01T13:09:45.881958,,,0,0,Marketing
1,BILL-01-00106,Marketing Agency Ltd,2494.49,NOK,2025-11-22T13:09:45.881958,2025-11-11T13:09:45.881958,2025-11-27T13:09:45.881958,0,0,Facilities
1,BILL-01-00107,Facilities Management,13212.86,CHF,2025-12-03T13:09:45.881958,2025-10-24T13:09:45.881958,2025-12-04T13:09:45.881958,0,0,Marketing
1,BILL-01-00108,Software Licenses Co,14739.07,GBP,2025-12-02T13:09:45.881958,2025-11-19T13:09:45.881958,2025-12-04T13:09:45.881958,0,0,IT
1,BILL-01-00109,IT Support Services,22273.37,CHF,2025-12-13T13:09:45.881958,,,0,0,IT
1,BILL-01-00110,Cloud Infrastructure Inc,11390.38,GBP,2025-11-29T13:09:45.881958,2025-11-03T13:09:45.881958,2025-12-04T13:09:45.881958,0,0,Marketing
1,BILL-01-00111,Software Licenses Co,10519.34,CHF,2026-01-27T13:09:45.881958,2025-12-02T13:09:45.881958,,1,0,Legal
1,BILL-01-00112,Cloud Infrastructure Inc,22586.16,GBP,2025-11-10T13:09:45.881958,2025-10-28T13:09:45.881958,,1,1,Office
1,BILL-01-00113,Travel Services,8677.07,USD,2026-01-04T13:09:45.881958,2025-11-23T13:09:45.881958,2026-01-08T13:09:45.881958,0,0,IT
1,BILL-01-00114,Travel Services,709.08,GBP,2025-12-11T13:09:45.881958,2025-10-31T13:09:45.881958,2025-12-18T13:09:45.881958,0,0,Software
1,BILL-01-00115,Office Supplies Pro,16525.23,CHF,2025-12-25T13:09:45.881958,,,0,0,IT
1,BILL-01-00116,Software Licenses Co,13137.72,USD,2026-01-26T13:09:45.881958,2025-12-01T13:09:45.881958,2026-01-29T13:09:45.881958,0,1,Software
1,BILL-01-00117,Marketing Agency Ltd,19368.21,CHF,2026-01-20T13:09:45.881958,2025-11-25T13:09:45.881958,2026-01-22T13:09:45.881958,0,1,IT
1,BILL-01-00118,Utilities Corp,3644.47,DKK,2025-12-22T13:09:45.881958,2025-12-10T13:09:45.881958,2025-12-25T13:09:45.881958,0,0,Travel
1,BILL-01-00119,Consulting Partners,19576.76,DKK,2025-12-26T13:09:45.881958,2025-11-12T13:09:45.881958,2026-01-01T13:09:45.881958,0,1,IT
1,BILL-01-00120,Legal Services Group,14420.68,GBP,2026-01-27T13:09:45.881958,,,0,0,Facilities
1,BILL-01-00121,Consulting Partners,12132.05,USD,2025-12-28T13:09:45.881958,2025-11-01T13:09:45.881958,,1,1,Facilities
1,BILL-01-00122,Legal Services Group,20748.63,EUR,2026-01-14T13:09:45.881958,2025-11-17T13:09:45.881958,,1,0,Legal
1,BILL-01-00123,Marketing Agency Ltd,7632.09,USD,2025-11-25T13:09:45.881958,2025-11-13T13:09:45.881958,2025-11-27T13:09:45.881958,0,1,Software
1,BILL-01-00124,Consulting Partners,4347.37,CHF,2025-11-14T13:09:45.881958,2025-10-19T13:09:45.881958,2025-11-20T13:09:45.881958,0,0,Software
1,BILL-01-00125,Marketing Agency Ltd,21826.0,USD,2025-12-26T13:09:45.881958,2025-10-31T13:09:45.881958,2026-01-01T13:09:45.881958,0,0,Legal
1,BILL-01-00126,Utilities Corp,12810.64,USD,2026-01-19T13:09:45.881958,2025-11-21T13:09:45.881958,2026-01-22T13:09:45.881958,0,0,Software
1,BILL-01-00127,Consulting Partners,20285.36,SEK,2025-12-25T13:09:45.881958,,,0,0,Facilities
1,BILL-01-00128,Office Supplies Pro,2732.02,NOK,2026-01-17T13:09:45.881958,2025-11-21T13:09:45.881958,2026-01-22T13:09:45.881958,0,0,Software
1,BILL-01-00129,Legal Services Group,6603.8,CHF,2026-02-02T13:09:45.881958,2025-12-06T13:09:45.881958,2026-02-05T13:09:45.881958,0,1,Travel
1,BILL-01-00130,Office Supplies Pro,22195.77,USD,2025-12-02T13:09:45.881958,,,0,0,Office
1,BILL-01-00131,Marketing Agency Ltd,10576.31,CHF,2025-12-10T13:09:45.881958,,,1,1,Software
1,BILL-01-00132,Facilities Management,11547.93,CHF,2025-11-23T13:09:45.881958,2025-10-28T13:09:45.881958,,1,0,Travel
1,BILL-01-00133,Software Licenses Co,8919.61,CHF,2025-12-02T13:09:45.881958,2025-11-03T13:09:45.881958,2025-12-04T13:09:45.881958,0,0,IT
1,BILL-01-00134,Facilities Management,18842.56,NOK,2026-01-07T13:09:45.881958,2025-11-13T13:09:45.881958,2026-01-08T13:09:45.881958,0,0,Marketing
1,BILL-01-00135,Legal Services Group,20600.45,CHF,2025-12-30T13:09:45.881958,2025-12-01T13:09:45.881958,2026-01-01T13:09:45.881958,0,1,Office
1,BILL-01-00136,Travel Services,10075.81,NOK,2025-10-27T13:09:45.881958,2025-10-14T13:09:45.881958,2025-10-30T13:09:45.881958,0,1,Travel
1,BILL-01-00137,Office Supplies Pro,13541.32,NOK,2025-11-20T13:09:45.881958,2025-11-10T13:09:45.881958,2025-11-27T13:09:45.881958,0,0,Office
1,BILL-01-00138,Consulting Partners,8053.94,NOK,2025-10-26T13:09:45.881958,2025-10-15T13:09:45.881958,2025-10-30T13:09:45.881958,0,0,Legal
1,BILL-01-00139,Marketing Agency Ltd,2738.97,USD,2025-11-18T13:09:45.881958,,,0,1,Travel
1,BILL-01-00140,Cloud Infrastructure Inc,23989.26,USD,2025-11-13T13:09:45.881958,2025-10-15T13:09:45.881958,2025-11-20T13:09:45.881958,0,1,Legal
1,BILL-01-00141,Facilities Management,15856.27,SEK,2025-12-16T13:09:45.881958,,,0,0,IT
1,BILL-01-00142,Marketing Agency Ltd,9236.12,EUR,2025-11-03T13:09:45.881958,2025-10-22T13:09:45.881958,,1,0,IT
1,BILL-01-00143,Cloud Infrastructure Inc,20469.58,NOK,2026-01-02T13:09:45.881958,2025-11-20T13:09:45.881958,2026-01-08T13:09:45.881958,0,0,Marketing
1,BILL-01-00144,Cloud Infrastructure Inc,13636.45,NOK,2026-01-05T13:09:45.881958,2025-12-07T13:09:45.881958,2026-01-08T13:09:45.881958,0,0,Travel
1,BILL-01-00145,Consulting Partners,23151.56,NOK,2025-12-26T13:09:45.881958,2025-11-29T13:09:45.881958,2026-01-01T13:09:45.881958,0,0,Office
1,BILL-01-00146,Facilities Management,15409.07,EUR,2026-01-13T13:09:45.881958,2025-11-16T13:09:45.881958,2026-01-15T13:09:45.881958,0,0,Office
1,BILL-01-00147,Marketing Agency Ltd,15600.54,EUR,2025-12-19T13:09:45.881958,2025-12-08T13:09:45.881958,2025-12-25T13:09:45.881958,0,0,Office
1,BILL-01-00148,Legal Services Group,12718.8,GBP,2025-11-19T13:09:45.881958,2025-10-21T13:09:45.881958,2025-11-20T13:09:45.881958,0,0,Marketing
1,BILL-01-00149,Facilities Management,7314.1,USD,2025-12-03T13:09:45.881958,2025-11-22T13:09:45.881958,2025-12-04T13:09:45.881958,0,0,Office
1,BILL-01-00150,Marketing Agency Ltd,18455.39,DKK,2025-11-28T13:09:45.881958,2025-10-30T13:09:45.881958,2025-12-04T13:09:45.881958,0,0,IT
2,BILL-02-00001,Marketing Agency Ltd,21881.29,SEK,2025-12-25T13:09:45.882948,2025-11-11T13:09:45.882948,,1,0,IT
2,BILL-02-00002,Office Supplies Pro,24804.31,NOK,2026-01-06T13:09:45.882948,2025-12-09T13:09:45.882948,2026-01-13T13:09:45.882948,0,0,IT
2,BILL-02-00003,Marketing Agency Ltd,2415.03,SEK,2026-01-22T13:09:45.882948,2025-11-25T13:09:45.882948,2026-01-27T13:09:45.882948,0,1,IT
2,BILL-02-00004,IT Support Services,14622.33,GBP,2025-12-17T13:09:45.882948,2025-11-21T13:09:45.882948,,1,0,Marketing
2,BILL-02-00005,Consulting Partners,12032.48,USD,2026-01-03T13:09:45.882948,2025-11-08T13:09:45.882948,,1,0,Software
2,BILL-02-00006,Cloud Infrastructure Inc,22708.2,DKK,2025-11-26T13:09:45.882948,2025-10-29T13:09:45.882948,2025-12-02T13:09:45.882948,0,0,Marketing
2,BILL-02-00007,IT Support Services,14272.48,CHF,2025-11-22T13:09:45.882948,2025-11-11T13:09:45.882948,2025-11-25T13:09:45.882948,0,0,Office
2,BILL-02-00008,Office Supplies Pro,12767.15,DKK,2026-01-07T13:09:45.882948,2025-11-27T13:09:45.882948,2026-01-13T13:09:45.882948,0,0,Legal
2,BILL-02-00009,Consulting Partners,8041.37,CHF,2025-11-29T13:09:45.882948,2025-11-15T13:09:45.882948,2025-12-02T13:09:45.882948,0,1,Facilities
2,BILL-02-00010,Legal Services Group,19192.3,USD,2025-12-08T13:09:45.882948,2025-10-28T13:09:45.882948,2025-12-09T13:09:45.882948,0,0,Office
2,BILL-02-00011,Consulting Partners,18523.77,CHF,2025-12-22T13:09:45.882948,2025-10-26T13:09:45.882948,2025-12-23T13:09:45.882948,0,0,Travel
2,BILL-02-00012,Legal Services Group,15333.17,GBP,2026-01-06T13:09:45.882948,2025-12-12T13:09:45.882948,2026-01-13T13:09:45.882948,0,0,IT
2,BILL-02-00013,Office Supplies Pro,19388.82,EUR,2026-01-17T13:09:45.882948,2025-11-23T13:09:45.882948,2026-01-20T13:09:45.882948,0,1,IT
2,BILL-02-00014,Consulting Partners,20828.86,USD,2025-12-08T13:09:45.882948,2025-10-29T13:09:45.882948,2025-12-09T13:09:45.882948,0,0,Legal
2,BILL-02-00015,Consulting Partners,21971.81,DKK,2025-12-08T13:09:45.882948,2025-11-28T13:09:45.882948,2025-12-09T13:09:45.882948,0,0,IT
2,BILL-02-00016,IT Support Services,5633.38,NOK,2026-01-23T13:09:45.882948,2025-11-25T13:09:45.882948,2026-01-27T13:09:45.882948,0,0,Office
2,BILL-02-00017,Cloud Infrastructure Inc,19456.72,EUR,2026-01-02T13:09:45.882948,2025-11-07T13:09:45.882948,2026-01-06T13:09:45.882948,0,0,Travel
2,BILL-02-00018,Legal Services Group,12418.55,USD,2025-11-24T13:09:45.882948,2025-11-11T13:09:45.882948,2025-11-25T13:09:45.882948,0,1,IT
2,BILL-02-00019,Marketing Agency Ltd,24582.2,GBP,2026-01-31T13:09:45.882948,2025-12-07T13:09:45.882948,2026-02-03T13:09:45.882948,0,0,Office
2,BILL-02-00020,IT Support Services,9754.35,EUR,2025-11-09T13:09:45.882948,2025-10-30T13:09:45.882948,2025-11-11T13:09:45.882948,0,0,Software
2,BILL-02-00021,Cloud Infrastructure Inc,1995.88,EUR,2025-12-10T13:09:45.882948,2025-11-26T13:09:45.882948,,1,0,Office
2,BILL-02-00022,Consulting Partners,13241.82,SEK,2026-01-09T13:09:45.882948,,,0,0,Marketing
2,BILL-02-00023,Facilities Management,17205.57,GBP,2025-12-13T13:09:45.882948,2025-11-01T13:09:45.882948,2025-12-16T13:09:45.882948,0,0,Office
2,BILL-02-00024,Facilities Management,8591.25,DKK,2025-10-29T13:09:45.882948,2025-10-18T13:09:45.882948,2025-11-04T13:09:45.882948,0,0,IT
2,BILL-02-00025,Office Supplies Pro,3510.92,SEK,2025-12-25T13:09:45.882948,,,0,0,Marketing
2,BILL-02-00026,Utilities Corp,16642.46,NOK,2026-01-06T13:09:45.882948,2025-11-08T13:09:45.882948,2026-01-13T13:09:45.882948,0,0,Software
2,BILL-02-00027,Facilities Management,16027.54,EUR,2025-12-17T13:09:45.882948,,,0,0,IT
2,BILL-02-00028,Utilities Corp,10304.05,CHF,2025-12-01T13:09:45.882948,2025-11-20T13:09:45.882948,2025-12-02T13:09:45.882948,0,0,Office
2,BILL-02-00029,Consulting Partners,15375.76,GBP,2025-12-22T13:09:45.882948,,,0,0,Travel
2,BILL-02-00030,Travel Services,3632.6,EUR,2025-12-12T13:09:45.882948,2025-12-02T13:09:45.882948,2025-12-16T13:09:45.882948,0,0,Marketing
2,BILL-02-00031,Cloud Infrastructure Inc,16734.73,CHF,2025-11-22T13:09:45.882948,2025-10-24T13:09:45.882948,2025-11-25T13:09:45.882948,0,0,Office
2,BILL-02-00032,Legal Services Group,22614.89,GBP,2026-01-10T13:09:45.882948,2025-11-29T13:09:45.882948,2026-01-13T13:09:45.882948,0,0,Travel
2,BILL-02-00033,Cloud Infrastructure Inc,3826.03,NOK,2026-01-10T13:09:45.882948,2025-11-14T13:09:45.882948,2026-01-13T13:09:45.882948,0,0,Software
2,BILL-02-00034,Utilities Corp,16277.67,EUR,2025-12-31T13:09:45.882948,2025-11-06T13:09:45.882948,2026-01-06T13:09:45.882948,0,0,IT
2,BILL-02-00035,Marketing Agency Ltd,3334.4,GBP,2025-10-28T13:09:45.882948,2025-10-18T13:09:45.882948,2025-11-04T13:09:45.882948,0,0,Office
2,BILL-02-00036,Utilities Corp,3621.73,GBP,2025-12-27T13:09:45.882948,2025-10-29T13:09:45.882948,2025-12-30T13:09:45.882948,0,0,IT
2,BILL-02-00037,Consulting Partners,8331.25,CHF,2025-11-30T13:09:45.882948,2025-11-05T13:09:45.882948,2025-12-02T13:09:45.882948,0,1,Office
2,BILL-02-00038,Travel Services,11784.77,DKK,2025-12-01T13:09:45.882948,2025-10-21T13:09:45.882948,2025-12-02T13:09:45.882948,0,1,Legal
2,BILL-02-00039,Legal Services Group,16801.09,NOK,2025-12-13T13:09:45.882948,2025-12-01T13:09:45.882948,2025-12-16T13:09:45.882948,0,0,Legal
2,BILL-02-00040,Utilities Corp,15961.39,CHF,2025-12-20T13:09:45.882948,2025-10-25T13:09:45.882948,,1,0,IT
2,BILL-02-00041,Marketing Agency Ltd,18450.12,DKK,2025-12-28T13:09:45.882948,2025-11-29T13:09:45.882948,2025-12-30T13:09:45.882948,0,0,Software
2,BILL-02-00042,Software Licenses Co,10099.29,NOK,2025-12-29T13:09:45.882948,,,0,0,Travel
2,BILL-02-00043,Software Licenses Co,19064.0,GBP,2025-11-17T13:09:45.882948,2025-11-05T13:09:45.882948,2025-11-18T13:09:45.882948,0,0,Travel
2,BILL-02-00044,Travel Services,2884.33,CHF,2025-11-12T13:09:45.882948,2025-10-31T13:09:45.882948,2025-11-18T13:09:45.882948,0,1,IT
2,BILL-02-00045,Software Licenses Co,12319.82,NOK,2026-01-03T13:09:45.882948,2025-12-06T13:09:45.882948,2026-01-06T13:09:45.882948,0,1,Travel
2,BILL-02-00046,Utilities Corp,17118.79,EUR,2025-12-31T13:09:45.882948,2025-12-05T13:09:45.882948,2026-01-06T13:09:45.882948,0,1,Office
2,BILL-02-00047,Cloud Infrastructure Inc,24366.89,GBP,2025-11-03T13:09:45.882948,2025-10-24T13:09:45.882948,2025-11-04T13:09:45.882948,0,0,IT
2,BILL-02-00048,Consulting Partners,1332.82,USD,2025-12-22T13:09:45.882948,2025-10-28T13:09:45.882948,2025-12-23T13:09:45.882948,0,0,Marketing
2,BILL-02-00049,Cloud Infrastructure Inc,11860.01,DKK,2026-01-28T13:09:45.882948,2025-12-03T13:09:45.882948,2026-02-03T13:09:45.882948,0,1,Office
2,BILL-02-00050,Cloud Infrastructure Inc,16214.53,CHF,2026-01-04T13:09:45.882948,2025-12-10T13:09:45.882948,2026-01-06T13:09:45.882948,0,0,Travel
2,BILL-02-00051,Cloud Infrastructure Inc,15025.54,DKK,2025-12-31T13:09:45.882948,,,0,0,IT
2,BILL-02-00052,Cloud Infrastructure Inc,2055.71,GBP,2026-01-04T13:09:45.882948,2025-12-06T13:09:45.882948,2026-01-06T13:09:45.882948,0,0,Software
2,BILL-02-00053,Travel Services,2066.33,CHF,2025-12-15T13:09:45.882948,2025-12-02T13:09:45.882948,2025-12-16T13:09:45.882948,0,0,IT
2,BILL-02-00054,Utilities Corp,4908.47,NOK,2026-01-11T13:09:45.882948,2025-11-13T13:09:45.882948,,1,0,Travel
2,BILL-02-00055,Legal Services Group,14281.16,EUR,2025-12-16T13:09:45.882948,2025-12-02T13:09:45.882948,2025-12-23T13:09:45.882948,0,0,Facilities
2,BILL-02-00056,Legal Services Group,24439.03,CHF,2025-12-04T13:09:45.882948,2025-11-20T13:09:45.882948,2025-12-09T13:09:45.882948,0,0,Software
2,BILL-02-00057,IT Support Services,13585.51,NOK,2025-12-15T13:09:45.882948,2025-10-21T13:09:45.882948,2025-12-16T13:09:45.882948,0,0,Facilities
2,BILL-02-00058,Travel Services,5641.07,SEK,2025-10-29T13:09:45.882948,2025-10-16T13:09:45.882948,2025-11-04T13:09:45.882948,0,0,IT
2,BILL-02-00059,Legal Services Group,14025.73,SEK,2025-12-29T13:09:45.882948,2025-11-19T13:09:45.882948,2025-12-30T13:09:45.882948,0,0,Legal
2,BILL-02-00060,Consulting Partners,22639.67,NOK,2026-01-01T13:09:45.882948,2025-11-05T13:09:45.882948,2026-01-06T13:09:45.882948,0,0,IT
2,BILL-02-00061,Travel Services,2228.67,USD,2026-01-07T13:09:45.882948,,,0,1,Legal
2,BILL-02-00062,Utilities Corp,16370.39,NOK,2025-12-09T13:09:45.882948,2025-11-11T13:09:45.882948,2025-12-16T13:09:45.882948,0,0,Marketing
2,BILL-02-00063,Office Supplies Pro,6563.69,SEK,2025-11-09T13:09:45.882948,2025-10-30T13:09:45.882948,2025-11-11T13:09:45.882948,0,0,Office
2,BILL-02-00064,Facilities Management,19562.74,GBP,2025-11-16T13:09:45.882948,2025-10-18T13:09:45.882948,2025-11-18T13:09:45.882948,0,0,Marketing
2,BILL-02-00065,Cloud Infrastructure Inc,23178.08,DKK,2025-12-03T13:09:45.882948,2025-10-23T13:09:45.882948,,1,0,Facilities
2,BILL-02-00066,IT Support Services,7140.82,SEK,2025-10-29T13:09:45.882948,2025-10-18T13:09:45.882948,2025-11-04T13:09:45.882948,0,0,Travel
2,BILL-02-00067,Travel Services,15068.12,SEK,2026-01-30T13:09:45.882948,2025-12-03T13:09:45.882948,2026-02-03T13:09:45.882948,0,0,Travel
2,BILL-02-00068,Legal Services Group,3596.02,NOK,2025-12-16T13:09:45.882948,2025-11-04T13:09:45.882948,2025-12-23T13:09:45.882948,0,0,Facilities
2,BILL-02-00069,Consulting Partners,11715.77,NOK,2025-12-20T13:09:45.882948,2025-11-10T13:09:45.882948,2025-12-23T13:09:45.882948,0,0,Facilities
2,BILL-02-00070,Marketing Agency Ltd,16073.06,GBP,2025-11-27T13:09:45.882948,2025-10-16T13:09:45.882948,2025-12-02T13:09:45.882948,0,0,Office
2,BILL-02-00071,Marketing Agency Ltd,4545.27,EUR,2025-10-26T13:09:45.882948,2025-10-16T13:09:45.882948,2025-10-28T13:09:45.882948,0,0,Office
2,BILL-02-00072,Consulting Partners,12962.72,NOK,2025-12-23T13:09:45.882948,2025-11-28T13:09:45.882948,2025-12-30T13:09:45.882948,0,0,Facilities
2,BILL-02-00073,Cloud Infrastructure Inc,840.56,CHF,2025-11-04T13:09:45.882948,2025-10-25T13:09:45.882948,2025-11-11T13:09:45.882948,0,0,Travel
2,BILL-02-00074,Travel Services,15425.24,NOK,2026-01-14T13:09:45.882948,,,0,0,Facilities
2,BILL-02-00075,Marketing Agency Ltd,2340.5,USD,2025-12-30T13:09:45.882948,2025-12-01T13:09:45.882948,2026-01-06T13:09:45.882948,0,0,Legal
2,BILL-02-00076,Cloud Infrastructure Inc,22894.11,GBP,2025-11-07T13:09:45.882948,2025-10-27T13:09:45.882948,2025-11-11T13:09:45.882948,0,0,Travel
2,BILL-02-00077,Utilities Corp,5827.85,CHF,2025-11-11T13:09:45.882948,,,0,0,Office
2,BILL-02-00078,Facilities Management,15580.49,EUR,2025-12-13T13:09:45.882948,2025-10-30T13:09:45.882948,2025-12-16T13:09:45.882948,0,0,Marketing
2,BILL-02-00079,Facilities Management,2982.78,EUR,2025-12-08T13:09:45.882948,2025-11-13T13:09:45.882948,2025-12-09T13:09:45.882948,0,0,Marketing
2,BILL-02-00080,Office Supplies Pro,19351.47,USD,2025-11-23T13:09:45.882948,2025-10-27T13:09:45.882948,2025-11-25T13:09:45.882948,0,0,IT
2,BILL-02-00081,Travel Services,7102.3,DKK,2026-01-04T13:09:45.882948,2025-11-08T13:09:45.882948,2026-01-06T13:09:45.882948,0,1,Software
2,BILL-02-00082,Marketing Agency Ltd,5144.39,EUR,2025-11-09T13:09:45.882948,2025-10-13T13:09:45.882948,2025-11-11T13:09:45.882948,0,1,IT
2,BILL-02-00083,Software Licenses Co,24581.75,NOK,2025-12-14T13:09:45.882948,2025-10-19T13:09:45.882948,2025-12-16T13:09:45.882948,0,0,Legal
2,BILL-02-00084,Consulting Partners,18286.87,SEK,2026-01-23T13:09:45.882948,2025-11-25T13:09:45.882948,2026-01-27T13:09:45.882948,0,1,Legal
2,BILL-02-00085,Travel Services,19300.93,EUR,2025-11-07T13:09:45.882948,2025-10-26T13:09:45.882948,2025-11-11T13:09:45.882948,0,0,Office
2,BILL-02-00086,Consulting Partners,7591.93,CHF,2025-11-23T13:09:45.882948,2025-11-10T13:09:45.882948,2025-11-25T13:09:45.882948,0,0,IT
2,BILL-02-00087,Marketing Agency Ltd,19284.83,GBP,2026-01-16T13:09:45.882948,,,0,0,IT
2,BILL-02-00088,Software Licenses Co,19676.56,NOK,2025-11-13T13:09:45.882948,2025-10-19T13:09:45.882948,2025-11-18T13:09:45.882948,0,1,Office
2,BILL-02-00089,Legal Services Group,1439.98,CHF,2025-11-19T13:09:45.882948,2025-10-25T13:09:45.882948,2025-11-25T13:09:45.882948,0,0,Marketing
2,BILL-02-00090,Consulting Partners,8007.93,SEK,2025-12-17T13:09:45.882948,2025-11-21T13:09:45.882948,2025-12-23T13:09:45.882948,0,0,Travel
2,BILL-02-00091,Office Supplies Pro,3196.35,GBP,2025-12-15T13:09:45.882948,,,0,0,Office
2,BILL-02-00092,Legal Services Group,513.13,EUR,2026-01-03T13:09:45.882948,2025-11-23T13:09:45.882948,2026-01-06T13:09:45.882948,0,0,Marketing
2,BILL-02-00093,Legal Services Group,23734.04,GBP,2025-12-15T13:09:45.882948,2025-11-01T13:09:45.882948,2025-12-16T13:09:45.882948,0,0,Software
2,BILL-02-00094,Legal Services Group,9333.93,GBP,2026-01-12T13:09:45.882948,2025-12-03T13:09:45.882948,2026-01-13T13:09:45.882948,0,0,Travel
2,BILL-02-00095,IT Support Services,14816.02,USD,2025-10-28T13:09:45.882948,2025-10-18T13:09:45.882948,2025-11-04T13:09:45.882948,0,0,Travel
2,BILL-02-00096,Marketing Agency Ltd,17764.17,USD,2025-12-21T13:09:45.882948,2025-12-11T13:09:45.882948,2025-12-23T13:09:45.882948,0,0,Marketing
2,BILL-02-00097,Marketing Agency Ltd,18158.85,SEK,2025-11-09T13:09:45.882948,2025-10-15T13:09:45.882948,2025-11-11T13:09:45.882948,0,0,Software
2,BILL-02-00098,Travel Services,22425.37,GBP,2025-11-20T13:09:45.882948,,,1,0,Facilities
2,BILL-02-00099,Office Supplies Pro,15179.26,USD,2025-12-21T13:09:45.882948,2025-11-26T13:09:45.882948,,1,0,IT
2,BILL-02-00100,Consulting Partners,17275.01,CHF,2025-12-17T13:09:45.882948,2025-12-07T13:09:45.882948,2025-12-23T13:09:45.882948,0,0,Marketing
2,BILL-02-00101,Utilities Corp,5569.65,GBP,2025-11-07T13:09:45.882948,2025-10-13T13:09:45.882948,2025-11-11T13:09:45.882948,0,0,Software
2,BILL-02-00102,Travel Services,12843.54,CHF,2026-01-07T13:09:45.882948,2025-11-25T13:09:45.882948,2026-01-13T13:09:45.882948,0,0,Office
2,BILL-02-00103,Legal Services Group,1617.51,USD,2025-12-07T13:09:45.882948,2025-10-25T13:09:45.882948,2025-12-09T13:09:45.882948,0,0,IT
2,BILL-02-00104,IT Support Services,19870.22,DKK,2025-12-18T13:09:45.882948,,,0,1,Travel
2,BILL-02-00105,Facilities Management,15326.41,NOK,2025-12-15T13:09:45.882948,2025-11-05T13:09:45.882948,2025-12-16T13:09:45.882948,0,1,Facilities
2,BILL-02-00106,IT Support Services,24638.9,GBP,2025-12-02T13:09:45.882948,2025-11-19T13:09:45.882948,2025-12-09T13:09:45.882948,0,0,Legal
2,BILL-02-00107,Office Supplies Pro,16604.28,SEK,2025-12-17T13:09:45.882948,2025-12-06T13:09:45.882948,2025-12-23T13:09:45.882948,0,0,Travel
2,BILL-02-00108,Utilities Corp,5550.9,SEK,2025-12-05T13:09:45.882948,2025-11-07T13:09:45.882948,2025-12-09T13:09:45.882948,0,0,Software
2,BILL-02-00109,Consulting Partners,11428.37,USD,2026-01-22T13:09:45.882948,2025-11-27T13:09:45.882948,,1,1,IT
2,BILL-02-00110,Legal Services Group,14456.62,USD,2026-01-06T13:09:45.882948,2025-12-08T13:09:45.882948,2026-01-13T13:09:45.882948,0,0,Software
2,BILL-02-00111,Consulting Partners,15391.64,NOK,2025-11-11T13:09:45.882948,2025-10-14T13:09:45.882948,2025-11-18T13:09:45.882948,0,0,Marketing
2,BILL-02-00112,Cloud Infrastructure Inc,13406.07,NOK,2025-12-08T13:09:45.882948,2025-11-27T13:09:45.882948,2025-12-09T13:09:45.882948,0,1,Office
2,BILL-02-00113,Office Supplies Pro,6584.4,USD,2025-11-27T13:09:45.882948,2025-10-18T13:09:45.882948,,1,0,Software
2,BILL-02-00114,Cloud Infrastructure Inc,18535.22,SEK,2025-11-13T13:09:45.882948,2025-11-02T13:09:45.882948,2025-11-18T13:09:45.882948,0,0,Software
2,BILL-02-00115,Legal Services Group,8628.03,GBP,2025-11-16T13:09:45.882948,2025-10-20T13:09:45.882948,2025-11-18T13:09:45.882948,0,1,Software
2,BILL-02-00116,Office Supplies Pro,13843.73,EUR,2025-12-13T13:09:45.882948,2025-10-16T13:09:45.882948,,1,0,IT
2,BILL-02-00117,Facilities Management,7527.73,NOK,2026-02-03T13:09:45.882948,2025-12-06T13:09:45.882948,2026-02-10T13:09:45.882948,0,0,IT
2,BILL-02-00118,Cloud Infrastructure Inc,9254.04,GBP,2025-12-31T13:09:45.882948,2025-11-17T13:09:45.882948,2026-01-06T13:09:45.882948,0,0,IT
2,BILL-02-00119,Consulting Partners,8703.68,SEK,2025-12-18T13:09:45.882948,2025-10-22T13:09:45.882948,2025-12-23T13:09:45.882948,0,0,Office
2,BILL-02-00120,IT Support Services,16712.43,CHF,2026-01-20T13:09:45.882948,2025-12-07T13:09:45.882948,2026-01-27T13:09:45.882948,0,0,IT
2,BILL-02-00121,Legal Services Group,4120.61,GBP,2026-01-04T13:09:45.882948,2025-11-06T13:09:45.882948,2026-01-06T13:09:45.882948,0,0,Legal
2,BILL-02-00122,Legal Services Group,8414.81,EUR,2025-11-15T13:09:45.882948,2025-10-19T13:09:45.882948,2025-11-18T13:09:45.882948,0,0,Travel
2,BILL-02-00123,Consulting Partners,19940.79,SEK,2025-11-28T13:09:45.882948,2025-10-31T13:09:45.882948,2025-12-02T13:09:45.882948,0,0,Facilities
2,BILL-02-00124,Travel Services,13545.62,CHF,2025-12-29T13:09:45.882948,2025-12-04T13:09:45.882948,2025-12-30T13:09:45.882948,0,0,Software
2,BILL-02-00125,Marketing Agency Ltd,2637.63,NOK,2025-11-15T13:09:45.882948,2025-11-01T13:09:45.882948,2025-11-18T13:09:45.882948,0,0,IT
2,BILL-02-00126,Cloud Infrastructure Inc,22828.37,EUR,2025-11-30T13:09:45.882948,2025-11-02T13:09:45.882948,2025-12-02T13:09:45.882948,0,0,Marketing
2,BILL-02-00127,Marketing Agency Ltd,20781.63,USD,2025-11-10T13:09:45.882948,2025-10-13T13:09:45.882948,2025-11-11T13:09:45.882948,0,1,Marketing
2,BILL-02-00128,Facilities Management,17684.34,EUR,2025-12-04T13:09:45.882948,2025-11-24T13:09:45.882948,2025-12-09T13:09:45.882948,0,1,Legal
2,BILL-02-00129,Legal Services Group,6503.62,EUR,2025-12-07T13:09:45.882948,2025-10-10T13:09:45.882948,2025-12-09T13:09:45.882948,0,1,Facilities
2,BILL-02-00130,IT Support Services,10582.3,CHF,2025-12-28T13:09:45.882948,2025-10-30T13:09:45.882948,2025-12-30T13:09:45.882948,0,1,Travel
2,BILL-02-00131,Office Supplies Pro,18902.76,SEK,2025-12-09T13:09:45.882948,2025-11-13T13:09:45.882948,2025-12-16T13:09:45.882948,0,0,Facilities
2,BILL-02-00132,IT Support Services,12795.87,SEK,2025-12-22T13:09:45.882948,2025-11-24T13:09:45.882948,2025-12-23T13:09:45.882948,0,1,Marketing
2,BILL-02-00133,Legal Services Group,5690.67,NOK,2025-12-01T13:09:45.882948,2025-11-18T13:09:45.882948,2025-12-02T13:09:45.882948,0,0,Facilities
2,BILL-02-00134,Cloud Infrastructure Inc,17464.45,DKK,2025-12-22T13:09:45.882948,2025-11-11T13:09:45.882948,2025-12-23T13:09:45.882948,0,1,Software
2,BILL-02-00135,Facilities Management,10893.44,NOK,2025-11-09T13:09:45.882948,2025-10-28T13:09:45.882948,2025-11-11T13:09:45.882948,0,0,Office
2,BILL-02-00136,Marketing Agency Ltd,4487.63,GBP,2025-10-29T13:09:45.882948,2025-10-15T13:09:45.882948,2025-11-04T13:09:45.882948,0,0,Facilities
2,BILL-02-00137,Marketing Agency Ltd,23265.45,NOK,2025-12-07T13:09:45.882948,2025-10-28T13:09:45.882948,2025-12-09T13:09:45.882948,0,0,Software
2,BILL-02-00138,Software Licenses Co,1677.2,EUR,2025-11-27T13:09:45.882948,2025-10-16T13:09:45.882948,2025-12-02T13:09:45.882948,0,0,Facilities
2,BILL-02-00139,Marketing Agency Ltd,18920.14,GBP,2026-01-07T13:09:45.882948,,,0,1,Marketing
2,BILL-02-00140,Travel Services,12803.34,EUR,2025-12-26T13:09:45.882948,2025-11-30T13:09:45.882948,2025-12-30T13:09:45.882948,0,0,Office
2,BILL-02-00141,IT Support Services,4212.68,USD,2025-11-21T13:09:45.882948,,,1,0,IT
2,BILL-02-00142,Legal Services Group,18104.59,DKK,2025-12-24T13:09:45.882948,2025-11-11T13:09:45.882948,2025-12-30T13:09:45.882948,0,0,Software
2,BILL-02-00143,Consulting Partners,22321.66,EUR,2026-01-25T13:09:45.882948,2025-12-01T13:09:45.882948,2026-01-27T13:09:45.882948,0,0,Facilities
2,BILL-02-00144,Software Licenses Co,20215.8,EUR,2025-12-01T13:09:45.882948,2025-10-18T13:09:45.882948,2025-12-02T13:09:45.882948,0,0,IT
2,BILL-02-00145,IT Support Services,2169.97,USD,2025-12-28T13:09:45.882948,2025-11-14T13:09:45.882948,2025-12-30T13:09:45.882948,0,0,Legal
2,BILL-02-00146,Software Licenses Co,19197.09,GBP,2025-12-05T13:09:45.882948,,,0,0,Legal
2,BILL-02-00147,IT Support Services,10521.31,CHF,2025-12-16T13:09:45.882948,2025-11-21T13:09:45.882948,2025-12-23T13:09:45.882948,0,0,Legal
2,BILL-02-00148,Cloud Infrastructure Inc,10623.26,NOK,2025-12-20T13:09:45.882948,,,0,1,Travel
2,BILL-02-00149,Office Supplies Pro,19869.47,NOK,2025-12-06T13:09:45.882948,2025-11-22T13:09:45.882948,2025-12-09T13:09:45.882948,0,1,Marketing
2,BILL-02-00150,Cloud Infrastructure Inc,10011.46,USD,2025-11-21T13:09:45.882948,2025-11-10T13:09:45.882948,2025-11-25T13:09:45.882948,0,0,Marketing
3,BILL-03-00001,Cloud Infrastructure Inc,4916.7,EUR,2025-12-13T13:09:45.883899,2025-10-16T13:09:45.883899,2025-12-17T13:09:45.883899,0,1,Legal
3,BILL-03-00002,Utilities Corp,5709.56,CHF,2026-01-23T13:09:45.883899,2025-11-28T13:09:45.883899,,1,1,Marketing
3,BILL-03-00003,Legal Services Group,5730.02,NOK,2025-11-28T13:09:45.883899,,,0,1,Software
3,BILL-03-00004,Facilities Management,11037.69,DKK,2025-12-07T13:09:45.883899,2025-11-08T13:09:45.883899,2025-12-10T13:09:45.883899,0,0,Legal
3,BILL-03-00005,IT Support Services,4814.59,NOK,2025-11-01T13:09:45.883899,2025-10-18T13:09:45.883899,2025-11-05T13:09:45.883899,0,0,Software
3,BILL-03-00006,Consulting Partners,5745.57,SEK,2026-01-18T13:09:45.883899,2025-12-05T13:09:45.883899,,1,0,Legal
3,BILL-03-00007,IT Support Services,5365.83,USD,2026-02-05T13:09:45.883899,2025-12-12T13:09:45.883899,2026-02-11T13:09:45.883899,0,1,Travel
3,BILL-03-00008,Consulting Partners,22858.65,GBP,2026-01-12T13:09:45.883899,2025-11-18T13:09:45.883899,2026-01-14T13:09:45.883899,0,0,Office
3,BILL-03-00009,Utilities Corp,4043.12,SEK,2026-01-03T13:09:45.883899,2025-11-23T13:09:45.883899,2026-01-07T13:09:45.883899,0,0,Legal
3,BILL-03-00010,Cloud Infrastructure Inc,24264.42,DKK,2025-12-18T13:09:45.883899,2025-11-04T13:09:45.883899,2025-12-24T13:09:45.883899,0,0,Software
3,BILL-03-00011,Legal Services Group,11508.55,NOK,2025-11-29T13:09:45.883899,2025-11-16T13:09:45.883899,2025-12-03T13:09:45.883899,0,0,IT
3,BILL-03-00012,Utilities Corp,5795.36,CHF,2025-11-20T13:09:45.883899,,,0,1,Software
3,BILL-03-00013,Facilities Management,7897.64,EUR,2025-11-11T13:09:45.883899,2025-10-31T13:09:45.883899,2025-11-12T13:09:45.883899,0,0,Software
3,BILL-03-00014,Travel Services,13317.66,CHF,2026-01-09T13:09:45.883899,2025-11-27T13:09:45.883899,2026-01-14T13:09:45.883899,0,0,Facilities
3,BILL-03-00015,Utilities Corp,13797.69,USD,2025-12-16T13:09:45.883899,2025-11-05T13:09:45.883899,2025-12-17T13:09:45.883899,0,0,Software
3,BILL-03-00016,Cloud Infrastructure Inc,20245.52,EUR,2025-10-29T13:09:45.883899,2025-10-19T13:09:45.883899,2025-11-05T13:09:45.883899,0,1,Travel
3,BILL-03-00017,Utilities Corp,2942.7,SEK,2025-11-20T13:09:45.883899,2025-11-09T13:09:45.883899,2025-11-26T13:09:45.883899,0,0,Facilities
3,BILL-03-00018,Consulting Partners,5291.23,EUR,2025-11-22T13:09:45.883899,2025-11-11T13:09:45.883899,2025-11-26T13:09:45.883899,0,0,Travel
3,BILL-03-00019,Consulting Partners,23520.61,EUR,2025-12-27T13:09:45.883899,2025-11-30T13:09:45.883899,2025-12-31T13:09:45.883899,0,0,Software
3,BILL-03-00020,Consulting Partners,6418.08,NOK,2026-02-02T13:09:45.883899,2025-12-05T13:09:45.883899,2026-02-04T13:09:45.883899,0,0,Software
3,BILL-03-00021,Travel Services,18660.51,DKK,2025-12-12T13:09:45.883899,2025-11-02T13:09:45.883899,2025-12-17T13:09:45.883899,0,0,Marketing
3,BILL-03-00022,Marketing Agency Ltd,16288.64,SEK,2025-12-15T13:09:45.883899,2025-12-05T13:09:45.883899,2025-12-17T13:09:45.883899,0,0,Marketing
3,BILL-03-00023,Legal Services Group,22652.2,CHF,2025-12-10T13:09:45.883899,2025-11-11T13:09:45.883899,2025-12-17T13:09:45.883899,0,1,Office
3,BILL-03-00024,Utilities Corp,10104.3,DKK,2026-01-09T13:09:45.883899,2025-11-27T13:09:45.883899,2026-01-14T13:09:45.883899,0,0,Office
3,BILL-03-00025,Office Supplies Pro,782.68,CHF,2025-12-26T13:09:45.883899,2025-12-01T13:09:45.883899,2025-12-31T13:09:45.883899,0,1,Marketing
3,BILL-03-00026,Office Supplies Pro,18487.14,NOK,2025-12-21T13:09:45.883899,2025-11-08T13:09:45.883899,2025-12-24T13:09:45.883899,0,0,IT
3,BILL-03-00027,Consulting Partners,6881.75,DKK,2025-11-25T13:09:45.883899,2025-10-13T13:09:45.883899,2025-11-26T13:09:45.883899,0,0,Facilities
3,BILL-03-00028,Cloud Infrastructure Inc,11748.63,EUR,2025-11-30T13:09:45.883899,2025-11-18T13:09:45.883899,2025-12-03T13:09:45.883899,0,1,Office
3,BILL-03-00029,Software Licenses Co,9354.23,DKK,2025-12-30T13:09:45.883899,2025-12-04T13:09:45.883899,2025-12-31T13:09:45.883899,0,0,Marketing
3,BILL-03-00030,Cloud Infrastructure Inc,17339.74,USD,2025-12-16T13:09:45.883899,2025-11-05T13:09:45.883899,2025-12-17T13:09:45.883899,0,1,Office
3,BILL-03-00031,Legal Services Group,14398.7,NOK,2025-11-30T13:09:45.883899,2025-11-18T13:09:45.883899,2025-12-03T13:09:45.883899,0,0,Facilities
3,BILL-03-00032,Utilities Corp,622.86,SEK,2025-12-25T13:09:45.883899,,,0,1,Office
3,BILL-03-00033,Travel Services,19143.54,SEK,2025-12-05T13:09:45.883899,2025-10-23T13:09:45.883899,,1,1,Office
3,BILL-03-00034,Legal Services Group,7204.83,GBP,2025-11-04T13:09:45.883899,2025-10-25T13:09:45.883899,2025-11-05T13:09:45.883899,0,0,Software
3,BILL-03-00035,Software Licenses Co,13060.09,CHF,2025-12-02T13:09:45.883899,2025-11-04T13:09:45.883899,2025-12-03T13:09:45.883899,0,0,Legal
3,BILL-03-00036,Consulting Partners,14799.38,EUR,2026-01-10T13:09:45.883899,2025-11-28T13:09:45.883899,2026-01-14T13:09:45.883899,0,0,Marketing
3,BILL-03-00037,Consulting Partners,18803.44,SEK,2026-01-13T13:09:45.883899,2025-12-04T13:09:45.883899,2026-01-14T13:09:45.883899,0,1,Legal
3,BILL-03-00038,Facilities Management,20573.87,NOK,2025-12-05T13:09:45.883899,,,0,0,Marketing
3,BILL-03-00039,IT Support Services,20753.82,SEK,2026-01-02T13:09:45.883899,2025-11-19T13:09:45.883899,2026-01-07T13:09:45.883899,0,0,Software
3,BILL-03-00040,Legal Services Group,6510.29,GBP,2025-12-05T13:09:45.883899,2025-10-24T13:09:45.883899,2025-12-10T13:09:45.883899,0,0,Office
3,BILL-03-00041,Facilities Management,11901.73,USD,2026-01-11T13:09:45.883899,,,0,0,Facilities
3,BILL-03-00042,Marketing Agency Ltd,5827.85,SEK,2025-12-27T13:09:45.883899,2025-11-13T13:09:45.883899,2025-12-31T13:09:45.883899,0,0,Travel
3,BILL-03-00043,Consulting Partners,20428.16,GBP,2025-11-19T13:09:45.883899,2025-10-24T13:09:45.883899,2025-11-26T13:09:45.883899,0,0,Marketing
3,BILL-03-00044,Cloud Infrastructure Inc,11593.24,EUR,2025-12-30T13:09:45.883899,2025-11-17T13:09:45.883899,2025-12-31T13:09:45.883899,0,0,Travel
3,BILL-03-00045,Utilities Corp,22835.26,EUR,2025-11-25T13:09:45.883899,2025-10-30T13:09:45.883899,,1,0,Facilities
3,BILL-03-00046,Office Supplies Pro,16297.0,GBP,2025-12-11T13:09:45.883899,2025-10-16T13:09:45.883899,2025-12-17T13:09:45.883899,0,0,Software
3,BILL-03-00047,Facilities Management,2454.3,CHF,2026-01-10T13:09:45.883899,2025-11-27T13:09:45.883899,2026-01-14T13:09:45.883899,0,0,Marketing
3,BILL-03-00048,Software Licenses Co,16206.88,DKK,2025-12-20T13:09:45.883899,2025-12-10T13:09:45.883899,2025-12-24T13:09:45.883899,0,0,Software
3,BILL-03-00049,Office Supplies Pro,3075.82,USD,2025-12-27T13:09:45.883899,2025-10-29T13:09:45.883899,2025-12-31T13:09:45.883899,0,0,Legal
3,BILL-03-00050,Travel Services,23385.7,EUR,2025-12-17T13:09:45.883899,2025-12-03T13:09:45.883899,2025-12-24T13:09:45.883899,0,0,Office
3,BILL-03-00051,IT Support Services,17354.08,GBP,2026-01-26T13:09:45.883899,2025-11-29T13:09:45.883899,2026-01-28T13:09:45.883899,0,0,Office
3,BILL-03-00052,Legal Services Group,21616.43,GBP,2026-01-24T13:09:45.883899,2025-11-26T13:09:45.883899,2026-01-28T13:09:45.883899,0,0,Marketing
3,BILL-03-00053,Software Licenses Co,8386.83,GBP,2026-01-22T13:09:45.883899,2025-11-26T13:09:45.883899,2026-01-28T13:09:45.883899,0,0,Legal
3,BILL-03-00054,Travel Services,21885.37,DKK,2025-12-19T13:09:45.883899,2025-11-20T13:09:45.883899,2025-12-24T13:09:45.883899,0,1,Office
3,BILL-03-00055,Marketing Agency Ltd,20553.53,CHF,2025-12-19T13:09:45.883899,2025-10-22T13:09:45.883899,2025-12-24T13:09:45.883899,0,0,Facilities
3,BILL-03-00056,Facilities Management,23637.34,DKK,2026-01-21T13:09:45.883899,2025-11-27T13:09:45.883899,2026-01-28T13:09:45.883899,0,1,Legal
3,BILL-03-00057,Consulting Partners,21762.54,CHF,2025-12-09T13:09:45.883899,2025-11-11T13:09:45.883899,,1,0,Travel
3,BILL-03-00058,IT Support Services,14642.44,DKK,2025-11-13T13:09:45.883899,2025-10-15T13:09:45.883899,2025-11-19T13:09:45.883899,0,0,Marketing
3,BILL-03-00059,Legal Services Group,1200.36,GBP,2026-01-18T13:09:45.883899,2025-11-20T13:09:45.883899,2026-01-21T13:09:45.883899,0,1,Marketing
3,BILL-03-00060,Marketing Agency Ltd,10224.74,USD,2025-12-19T13:09:45.883899,2025-11-07T13:09:45.883899,2025-12-24T13:09:45.883899,0,1,Marketing
3,BILL-03-00061,Consulting Partners,7703.14,USD,2025-12-02T13:09:45.883899,2025-11-07T13:09:45.883899,2025-12-03T13:09:45.883899,0,0,Office
3,BILL-03-00062,Office Supplies Pro,6599.13,NOK,2025-11-14T13:09:45.883899,2025-10-16T13:09:45.883899,2025-11-19T13:09:45.883899,0,0,Facilities
3,BILL-03-00063,Cloud Infrastructure Inc,6048.39,GBP,2026-01-15T13:09:45.883899,2025-11-17T13:09:45.883899,2026-01-21T13:09:45.883899,0,0,Travel
3,BILL-03-00064,IT Support Services,5539.78,CHF,2025-12-27T13:09:45.883899,2025-11-30T13:09:45.883899,2025-12-31T13:09:45.883899,0,0,Office
3,BILL-03-00065,Cloud Infrastructure Inc,12829.38,USD,2026-01-20T13:09:45.883899,2025-11-23T13:09:45.883899,2026-01-21T13:09:45.883899,0,0,IT
3,BILL-03-00066,Legal Services Group,22546.8,GBP,2025-11-01T13:09:45.883899,2025-10-21T13:09:45.883899,2025-11-05T13:09:45.883899,0,1,Legal
3,BILL-03-00067,Cloud Infrastructure Inc,17140.47,USD,2025-12-16T13:09:45.883899,2025-12-05T13:09:45.883899,2025-12-17T13:09:45.883899,0,0,IT
3,BILL-03-00068,Software Licenses Co,1606.82,EUR,2025-11-23T13:09:45.883899,2025-10-14T13:09:45.883899,2025-11-26T13:09:45.883899,0,0,Software
3,BILL-03-00069,Cloud Infrastructure Inc,7962.76,EUR,2026-01-08T13:09:45.883899,2025-11-27T13:09:45.883899,2026-01-14T13:09:45.883899,0,0,Marketing
3,BILL-03-00070,IT Support Services,11739.39,GBP,2026-01-13T13:09:45.883899,2025-12-02T13:09:45.883899,2026-01-14T13:09:45.883899,0,0,Software
3,BILL-03-00071,Utilities Corp,3262.65,CHF,2025-12-05T13:09:45.883899,2025-11-24T13:09:45.883899,2025-12-10T13:09:45.883899,0,0,IT
3,BILL-03-00072,Facilities Management,1257.16,CHF,2026-01-12T13:09:45.883899,2025-11-14T13:09:45.883899,2026-01-14T13:09:45.883899,0,0,Travel
3,BILL-03-00073,Cloud Infrastructure Inc,21990.03,GBP,2026-01-19T13:09:45.883899,,,0,1,Travel
3,BILL-03-00074,Facilities Management,10080.14,GBP,2025-12-18T13:09:45.883899,2025-11-04T13:09:45.883899,2025-12-24T13:09:45.883899,0,0,Software
3,BILL-03-00075,Utilities Corp,11119.76,EUR,2025-12-21T13:09:45.883899,2025-11-07T13:09:45.883899,2025-12-24T13:09:45.883899,0,0,Marketing
3,BILL-03-00076,Legal Services Group,24183.45,SEK,2025-12-16T13:09:45.883899,2025-11-19T13:09:45.883899,,1,0,Marketing
3,BILL-03-00077,Office Supplies Pro,7433.92,USD,2025-11-29T13:09:45.883899,2025-11-17T13:09:45.883899,,1,0,Software
3,BILL-03-00078,Office Supplies Pro,6660.12,EUR,2025-12-14T13:09:45.883899,2025-11-04T13:09:45.883899,2025-12-17T13:09:45.883899,0,0,IT
3,BILL-03-00079,Cloud Infrastructure Inc,7131.39,NOK,2025-12-23T13:09:45.883899,2025-11-24T13:09:45.883899,2025-12-24T13:09:45.883899,0,1,Legal
3,BILL-03-00080,Marketing Agency Ltd,17123.26,DKK,2025-12-31T13:09:45.883899,2025-11-02T13:09:45.883899,2026-01-07T13:09:45.883899,0,0,Facilities
3,BILL-03-00081,IT Support Services,14315.74,USD,2026-01-04T13:09:45.883899,2025-11-22T13:09:45.883899,2026-01-07T13:09:45.883899,0,1,IT
3,BILL-03-00082,Consulting Partners,5388.32,SEK,2025-11-11T13:09:45.883899,2025-10-31T13:09:45.883899,2025-11-12T13:09:45.883899,0,0,Software
3,BILL-03-00083,Consulting Partners,3895.94,EUR,2025-12-20T13:09:45.883899,2025-11-08T13:09:45.883899,2025-12-24T13:09:45.883899,0,0,Marketing
3,BILL-03-00084,Consulting Partners,1177.99,CHF,2025-11-27T13:09:45.883899,,,0,0,Facilities
3,BILL-03-00085,IT Support Services,6444.82,DKK,2025-12-24T13:09:45.883899,2025-11-14T13:09:45.883899,2025-12-31T13:09:45.883899,0,0,Office
3,BILL-03-00086,Consulting Partners,10372.08,USD,2025-12-07T13:09:45.883899,2025-10-13T13:09:45.883899,2025-12-10T13:09:45.883899,0,1,Office
3,BILL-03-00087,IT Support Services,24661.25,DKK,2025-11-28T13:09:45.883899,2025-10-17T13:09:45.883899,2025-12-03T13:09:45.883899,0,0,Software
3,BILL-03-00088,Office Supplies Pro,18641.59,EUR,2025-12-05T13:09:45.883899,2025-11-25T13:09:45.883899,2025-12-10T13:09:45.883899,0,0,Marketing
3,BILL-03-00089,Legal Services Group,22428.78,USD,2025-12-17T13:09:45.883899,2025-11-20T13:09:45.883899,2025-12-24T13:09:45.883899,0,0,Software
3,BILL-03-00090,Software Licenses Co,17350.48,SEK,2025-10-30T13:09:45.883899,2025-10-20T13:09:45.883899,2025-11-05T13:09:45.883899,0,0,IT
3,BILL-03-00091,Marketing Agency Ltd,12106.69,EUR,2026-01-29T13:09:45.883899,2025-12-01T13:09:45.883899,2026-02-04T13:09:45.883899,0,0,IT
3,BILL-03-00092,Marketing Agency Ltd,21269.34,DKK,2025-12-23T13:09:45.883899,,,0,0,Travel
3,BILL-03-00093,Office Supplies Pro,3971.31,USD,2025-12-24T13:09:45.883899,2025-11-29T13:09:45.883899,2025-12-31T13:09:45.883899,0,0,Legal
3,BILL-03-00094,Cloud Infrastructure Inc,12577.62,SEK,2026-01-03T13:09:45.883899,2025-11-20T13:09:45.883899,2026-01-07T13:09:45.883899,0,0,IT
3,BILL-03-00095,Office Supplies Pro,11698.52,GBP,2026-01-12T13:09:45.883899,2025-11-16T13:09:45.883899,,1,0,Travel
3,BILL-03-00096,Utilities Corp,1544.48,CHF,2026-01-19T13:09:45.883899,,,0,0,Legal
3,BILL-03-00097,Office Supplies Pro,9264.82,USD,2025-12-31T13:09:45.883899,2025-12-06T13:09:45.883899,2026-01-07T13:09:45.883899,0,1,Travel
3,BILL-03-00098,Legal Services Group,16570.37,GBP,2025-12-28T13:09:45.883899,2025-11-15T13:09:45.883899,2025-12-31T13:09:45.883899,0,0,Legal
3,BILL-03-00099,Consulting Partners,22945.92,EUR,2026-01-17T13:09:45.883899,2025-11-22T13:09:45.883899,2026-01-21T13:09:45.883899,0,1,Travel
3,BILL-03-00100,Travel Services,16643.17,DKK,2025-11-23T13:09:45.883899,2025-10-29T13:09:45.883899,2025-11-26T13:09:45.883899,0,0,Facilities
3,BILL-03-00101,Consulting Partners,1600.76,EUR,2025-12-31T13:09:45.883899,2025-12-02T13:09:45.883899,2026-01-07T13:09:45.883899,0,0,Legal
3,BILL-03-00102,Marketing Agency Ltd,20309.61,DKK,2025-12-23T13:09:45.883899,2025-11-25T13:09:45.883899,2025-12-24T13:09:45.883899,0,0,Marketing
3,BILL-03-00103,Cloud Infrastructure Inc,15491.64,EUR,2025-10-30T13:09:45.883899,2025-10-16T13:09:45.883899,2025-11-05T13:09:45.883899,0,0,Travel
3,BILL-03-00104,Office Supplies Pro,8368.4,USD,2026-01-20T13:09:45.883899,2025-11-26T13:09:45.883899,2026-01-21T13:09:45.883899,0,1,Marketing
3,BILL-03-00105,Software Licenses Co,7509.19,NOK,2025-11-19T13:09:45.883899,2025-10-25T13:09:45.883899,2025-11-26T13:09:45.883899,0,1,Facilities
3,BILL-03-00106,Office Supplies Pro,24015.89,NOK,2025-11-13T13:09:45.883899,2025-10-16T13:09:45.883899,2025-11-19T13:09:45.883899,0,0,Marketing
3,BILL-03-00107,Utilities Corp,21680.03,SEK,2025-11-28T13:09:45.883899,2025-11-03T13:09:45.883899,2025-12-03T13:09:45.883899,0,0,Facilities
3,BILL-03-00108,Software Licenses Co,9126.6,SEK,2025-12-16T13:09:45.883899,2025-11-20T13:09:45.883899,2025-12-17T13:09:45.883899,0,0,Office
3,BILL-03-00109,Utilities Corp,3616.21,EUR,2025-12-25T13:09:45.883899,2025-11-14T13:09:45.883899,2025-12-31T13:09:45.883899,0,0,Legal
3,BILL-03-00110,Office Supplies Pro,20622.53,USD,2025-12-10T13:09:45.883899,2025-10-29T13:09:45.883899,,1,0,Legal
3,BILL-03-00111,Cloud Infrastructure Inc,14596.22,SEK,2026-01-15T13:09:45.883899,2025-12-02T13:09:45.883899,2026-01-21T13:09:45.883899,0,0,Facilities
3,BILL-03-00112,Software Licenses Co,16504.18,GBP,2025-11-24T13:09:45.883899,2025-10-12T13:09:45.883899,2025-11-26T13:09:45.883899,0,0,IT
3,BILL-03-00113,Marketing Agency Ltd,20510.68,SEK,2025-11-13T13:09:45.883899,2025-10-30T13:09:45.883899,2025-11-19T13:09:45.883899,0,0,Facilities
3,BILL-03-00114,Office Supplies Pro,24535.87,GBP,2026-02-05T13:09:45.883899,2025-12-12T13:09:45.883899,2026-02-11T13:09:45.883899,0,0,Marketing
3,BILL-03-00115,Legal Services Group,18221.58,GBP,2025-10-29T13:09:45.883899,2025-10-16T13:09:45.883899,2025-11-05T13:09:45.883899,0,0,Legal
3,BILL-03-00116,Marketing Agency Ltd,23315.54,EUR,2025-11-08T13:09:45.883899,2025-10-13T13:09:45.883899,2025-11-12T13:09:45.883899,0,0,Facilities
3,BILL-03-00117,Software Licenses Co,9984.56,EUR,2025-12-01T13:09:45.883899,2025-11-05T13:09:45.883899,2025-12-03T13:09:45.883899,0,1,Office
3,BILL-03-00118,Utilities Corp,9118.83,GBP,2025-12-28T13:09:45.883899,,,0,1,Office
3,BILL-03-00119,Marketing Agency Ltd,18813.15,CHF,2025-12-18T13:09:45.883899,,,1,0,Software
3,BILL-03-00120,Office Supplies Pro,1888.04,EUR,2025-12-05T13:09:45.883899,2025-11-08T13:09:45.883899,2025-12-10T13:09:45.883899,0,0,IT
3,BILL-03-00121,IT Support Services,15350.03,USD,2025-11-22T13:09:45.883899,2025-11-08T13:09:45.883899,2025-11-26T13:09:45.883899,0,0,Marketing
3,BILL-03-00122,Facilities Management,5897.04,DKK,2026-01-06T13:09:45.883899,,,0,0,Travel
3,BILL-03-00123,Marketing Agency Ltd,22377.97,SEK,2025-11-12T13:09:45.883899,2025-11-01T13:09:45.883899,2025-11-19T13:09:45.883899,0,0,Legal
3,BILL-03-00124,Cloud Infrastructure Inc,22845.21,USD,2025-12-30T13:09:45.883899,2025-12-05T13:09:45.883899,2025-12-31T13:09:45.883899,0,0,Software
3,BILL-03-00125,Legal Services Group,24458.79,EUR,2026-01-20T13:09:45.883899,2025-11-25T13:09:45.883899,2026-01-21T13:09:45.883899,0,1,Software
3,BILL-03-00126,Office Supplies Pro,7310.2,GBP,2025-12-16T13:09:45.883899,2025-11-02T13:09:45.883899,,1,0,Marketing
3,BILL-03-00127,Software Licenses Co,21637.93,EUR,2025-12-31T13:09:45.883899,2025-11-03T13:09:45.883899,2026-01-07T13:09:45.883899,0,0,Facilities
3,BILL-03-00128,Office Supplies Pro,7976.13,NOK,2025-12-26T13:09:45.883899,,,0,0,Legal
3,BILL-03-00129,IT Support Services,18956.3,DKK,2025-11-05T13:09:45.883899,2025-10-26T13:09:45.883899,2025-11-12T13:09:45.883899,0,0,Travel
3,BILL-03-00130,Office Supplies Pro,3175.65,DKK,2025-12-16T13:09:45.883899,,,0,0,Facilities
3,BILL-03-00131,Utilities Corp,13213.37,DKK,2025-12-17T13:09:45.883899,2025-10-20T13:09:45.883899,2025-12-24T13:09:45.883899,0,1,Software
3,BILL-03-00132,IT Support Services,24970.75,EUR,2026-01-10T13:09:45.883899,2025-11-30T13:09:45.883899,,1,0,Legal
3,BILL-03-00133,IT Support Services,16499.26,DKK,2025-12-11T13:09:45.883899,2025-12-01T13:09:45.883899,2025-12-17T13:09:45.883899,0,0,Software
3,BILL-03-00134,Legal Services Group,11836.74,CHF,2025-11-20T13:09:45.883899,2025-11-08T13:09:45.883899,2025-11-26T13:09:45.883899,0,0,IT
3,BILL-03-00135,Consulting Partners,14699.47,EUR,2025-11-27T13:09:45.883899,,,0,0,Marketing
3,BILL-03-00136,Legal Services Group,19266.43,GBP,2025-12-09T13:09:45.883899,,,0,0,IT
3,BILL-03-00137,Utilities Corp,1714.7,NOK,2025-10-30T13:09:45.883899,2025-10-20T13:09:45.883899,2025-11-05T13:09:45.883899,0,0,Office
3,BILL-03-00138,Travel Services,6084.83,NOK,2026-01-21T13:09:45.883899,,,1,0,Software
3,BILL-03-00139,Facilities Management,18098.82,SEK,2025-12-15T13:09:45.883899,2025-11-16T13:09:45.883899,2025-12-17T13:09:45.883899,0,1,Office
3,BILL-03-00140,Marketing Agency Ltd,8481.83,USD,2025-12-30T13:09:45.883899,2025-11-04T13:09:45.883899,2025-12-31T13:09:45.883899,0,1,Legal
3,BILL-03-00141,Utilities Corp,9327.03,DKK,2025-12-18T13:09:45.883899,2025-11-06T13:09:45.883899,2025-12-24T13:09:45.883899,0,1,Office
3,BILL-03-00142,IT Support Services,22840.88,USD,2025-10-24T13:09:45.883899,2025-10-12T13:09:45.883899,2025-10-29T13:09:45.883899,0,0,Facilities
3,BILL-03-00143,Utilities Corp,8929.29,NOK,2025-12-20T13:09:45.883899,2025-10-22T13:09:45.883899,2025-12-24T13:09:45.883899,0,1,Software
3,BILL-03-00144,Cloud Infrastructure Inc,23986.32,EUR,2025-12-21T13:09:45.883899,2025-10-23T13:09:45.883899,2025-12-24T13:09:45.883899,0,0,Office
3,BILL-03-00145,Utilities Corp,16650.35,CHF,2026-01-09T13:09:45.883899,2025-11-12T13:09:45.883899,2026-01-14T13:09:45.883899,0,0,IT
3,BILL-03-00146,Facilities Management,20075.65,USD,2025-11-30T13:09:45.883899,2025-11-01T13:09:45.883899,2025-12-03T13:09:45.883899,0,0,Marketing
3,BILL-03-00147,Facilities Management,9123.62,EUR,2025-11-24T13:09:45.883899,,,0,0,Marketing
3,BILL-03-00148,Consulting Partners,14448.89,USD,2025-12-29T13:09:45.883899,,,0,0,Travel
3,BILL-03-00149,Utilities Corp,3884.43,NOK,2025-12-08T13:09:45.883899,2025-10-25T13:09:45.883899,,1,0,IT
3,BILL-03-00150,Utilities Corp,15999.43,CHF,2025-12-26T13:09:45.883899,,,0,1,Office
